handle,rating
hasan_tawsif,1317
Tanzim_bn,1820
mubin_akib,1376
Asad_Bin,1351
CHY_YASIR,1450
nahin_narcissus,1112
nhnahin,1223
ratnajit_dhar,1261
sakib.safwan,1647
shadmansaleh,1261
Sojib_003,1142
adid_r10,1350
faisalshefat,1162
abdullahwazih,0
Abtahi996,0
Ahinat,349
alska_wt,0
Asif48,0
darkavenger2003,341
dev_shajid,597
efti_forever,341
ImonHasan0,0
Junain,715
mahiabdullah,0
MdSaidulislam,341
Microboy,0
mmi404,776
MrBeast99,556
mustafiz21,350
Niloy_noor,0
ovi_xar,566
rathi_aich,0
Rauful,356
roundspecs,1242
Shuvro_09,0
StabbedYuri,772
Tanim456,341
Tanjim.100,0
towhid_146,371
yeasermustabi20018,349
zakaria17,0
dark_Pronay,0
